{
    "metadata": {
        "vertices": 21,
        "faces": 24,
        "uvs": 1,
        "normals": 21,
        "type": "Geometry",
        "version": 3,
        "generator": "io_three"
    },
    "faces": [40,14,0,10,0,1,2,0,1,2,40,11,15,2,3,4,5,3,4,5,40,12,16,4,6,7,8,6,7,8,40,7,13,19,9,10,11,9,10,11,40,3,5,8,12,13,14,12,13,14,40,18,15,11,15,4,3,15,4,3,40,17,18,10,16,15,2,16,15,2,40,13,16,17,10,7,16,10,7,16,40,15,18,12,4,15,6,4,15,6,40,14,11,3,0,3,12,0,3,12,40,15,12,2,4,6,5,4,6,5,40,12,6,2,6,17,5,6,17,5,40,18,16,12,15,7,6,15,7,6,40,16,13,9,7,10,18,7,10,18,40,10,1,17,2,19,16,2,19,16,40,13,17,19,10,16,11,10,16,11,40,17,1,19,16,19,11,16,19,11,40,0,3,8,1,12,14,1,12,14,40,20,0,8,20,1,14,20,1,14,40,14,18,11,0,15,3,0,15,3,40,18,14,10,15,0,2,15,0,2,40,16,18,17,7,15,16,7,15,16,40,3,0,14,12,1,0,12,1,0,40,16,9,4,7,18,8,7,18,8],
    "uvs": [[0.517707,0.439373,0.423161,0.731739,0.400179,0.536687,0.55931,0.356637,0.432544,0.254057,0.607031,0.134705,0.320169,0.190105,0.225239,0.244577,0.184595,0.057259,0.032094,0.448226,0.152872,0.382321,0.141286,0.659637,0.76027,0.47664,0.984265,0.788826,0.682409,0.983785,0.418735,0.367158,0.257184,0.497272,0.269208,0.015471,0.016318,0.354007,0.331834,0.717764,0.439625,0.931349]],
    "normals": [-0.857753,0.453505,0.24192,-0.398297,-0.905728,0.144749,-0.468215,0.695975,0.544389,-0.684164,0.631153,-0.365398,0.104923,0.618488,-0.77871,-0.068728,0.259224,-0.963347,0.338969,0.648366,-0.681661,0.743706,0.658681,-0.113865,0.892544,0.4008,-0.20661,0.647206,0.397778,0.650288,0.657643,0.714042,0.239998,0.006836,0.708213,0.705954,-0.57918,-0.814234,0.039216,-0.043275,-0.99704,0.063356,0.002777,-0.998352,0.056795,0.054415,0.998199,0.024781,0.075472,0.852535,0.517167,-0.009552,0.271676,-0.96231,0.974029,0.22599,0.013367,-0.362896,0.63451,0.682394,0.047517,-0.988098,0.146214],
    "vertices": [-0.968599,0.018093,0.984057,-0.968599,0.018093,0.984057,-1.08984,0.020325,-1.44123,-1.08984,0.020325,-1.44123,1.11444,-0.078576,-1.49109,1.11444,-0.078576,-1.49109,1.11444,-0.078576,-1.49109,1.06593,0.054396,0.568142,1.06593,0.054396,0.568142,1.06593,0.054396,0.568142,-0.833872,0.941185,0.356683,-1.24837,1.26586,-0.990606,0.505965,0.825597,-1.22975,0.890876,0.8079,0.281426,-1.23324,1.0849,-0.468862,-0.259605,1.06607,-1.24741,0.916993,0.77123,-0.695573,0.017255,0.956446,0.635862,-0.47659,1.40479,-0.559037,0.028459,0.148754,1.54298,0.028459,0.148754,1.54298],
    "name": "Boulder1Geometry"
}