{
    "uvs": [[0.380232,0.744936,0.354993,0.635037,0.42683,0.74672,0.333587,0.762613,0.283308,0.786028,0.307164,0.678804,0.18289,0.910367,0.170611,0.95357,0.109134,0.888422,0.134127,0.688001,0.1692,0.647735,0.172602,0.746582,0.438091,0.668003,0.523397,0.665993,0.46404,0.851952,0.423478,0.814138,0.4708,0.753422,0.391443,0.816512,0.353848,0.836123,0.326076,0.858044,0.269297,0.953571,0.200217,0.859483,0.088501,0.712284,0.03721,0.674914,0.105761,0.644824,0.158168,0.590682,0.680564,0.292358,0.812486,0.377094,0.629765,0.385997,0.940897,0.681524,0.97121,0.719371,0.920293,0.802099,0.550971,0.919298,0.505473,0.829468,0.573717,0.906709,0.885629,0.803102,0.851516,0.688314,0.900663,0.681524,0.862293,0.788589,0.819573,0.703528,0.627494,0.017081,0.765335,0.126841,0.555264,0.121174,0.089907,0.799905,0.635762,0.910871,0.647513,0.819067,0.685864,0.81666,0.75884,0.654063,0.767284,0.548477,0.928883,0.583043,0.42015,0.39646,0.404759,0.585232,0.267699,0.457629,0.852901,0.836373,0.85696,0.875692,0.782543,0.860341,0.855767,0.907526,0.743423,0.901905,0.757303,0.820253,0.231304,0.68302,0.510692,0.398923,0.517552,0.521441,0.676307,0.774395,0.572169,0.639612,0.725719,0.944241,0.849963,0.9425,0.760727,0.977793,0.070432,0.949225,0.726541,0.226144,0.535519,0.244796,0.60749,0.81805,0.660701,0.919298,0.604797,0.916652,0.552575,0.82441,0.94127,0.809077,0.839882,0.795892,0.107898,0.251462,0.019286,0.398149,0.731356,0.868589,0.288993,0.924553,0.85696,0.966042,0.313342,0.901354,0.566236,0.774395,0.716022,0.835161,0.683452,0.494847,0.903092,0.446864,0.416262,0.196453,0.300503,0.276127,0.896888,0.295666,0.928883,0.153067,0.142171,0.55198]],
    "faces": [40,19,3,37,0,1,2,0,1,2,40,38,27,28,3,4,5,3,4,5,40,39,22,35,6,7,8,6,7,8,40,40,29,34,9,10,11,9,10,11,40,20,0,37,12,13,2,12,13,2,40,7,16,23,14,15,16,14,15,16,40,16,10,19,15,17,0,15,17,0,40,19,38,28,0,3,5,0,3,5,40,10,24,38,17,18,3,17,18,3,40,24,12,27,18,19,4,18,19,4,40,8,39,33,20,6,21,20,6,21,40,33,39,35,21,6,8,21,6,8,40,36,40,34,22,9,11,22,9,11,40,1,21,36,23,24,22,23,24,22,40,21,4,29,24,25,10,24,25,10,40,81,89,90,26,27,28,26,27,28,40,25,41,48,29,30,31,29,30,31,40,68,42,65,32,33,34,32,33,34,40,48,47,25,31,35,29,31,35,29,40,30,13,49,36,37,38,36,37,38,40,43,30,49,39,36,38,39,36,38,40,58,70,75,40,41,42,40,41,42,40,33,6,34,21,43,11,21,43,11,40,66,14,31,44,45,46,44,45,46,40,52,72,86,47,48,49,47,48,49,40,82,73,54,50,51,52,50,51,52,40,63,61,56,53,54,55,53,54,55,40,60,11,61,56,57,54,56,57,54,40,44,63,56,58,53,55,58,53,55,40,27,5,28,4,59,5,4,59,5,40,83,79,82,60,61,50,60,61,50,40,0,23,37,13,16,2,13,16,2,40,52,55,74,47,62,63,47,62,63,40,26,62,45,64,65,66,64,65,66,40,22,2,35,7,67,8,7,67,8,40,29,5,34,10,59,11,10,59,11,40,75,77,80,42,68,69,42,68,69,40,16,37,23,15,2,16,15,2,16,40,37,16,19,2,15,0,2,15,0,40,3,19,28,1,0,5,1,0,5,40,19,10,38,0,17,3,0,17,3,40,38,24,27,3,18,4,3,18,4,40,3,20,37,1,12,2,1,12,2,40,9,14,66,70,45,44,70,45,44,40,69,66,31,71,44,46,71,44,46,40,6,33,35,43,21,8,43,21,8,40,8,22,39,20,7,6,20,7,6,40,6,36,34,43,22,11,43,22,11,40,21,40,36,24,9,22,24,9,22,40,40,21,29,9,24,10,9,24,10,40,67,65,57,72,34,73,72,34,73,40,41,50,48,30,74,31,30,74,31,40,42,57,65,33,73,34,33,73,34,40,47,13,25,35,37,29,35,37,29,40,13,47,49,37,35,38,37,35,38,40,51,43,49,75,39,38,75,39,38,40,71,54,87,76,52,77,76,52,77,40,17,56,11,78,55,57,78,55,57,40,15,8,33,79,20,21,79,20,21,40,62,64,45,65,80,66,65,80,66,40,15,33,32,79,21,81,79,21,81,40,11,60,26,57,56,64,57,56,64,40,12,32,27,19,81,4,19,81,4,40,34,5,27,11,59,4,11,59,4,40,57,18,9,73,82,70,73,82,70,40,11,56,61,57,55,54,57,55,54,40,33,27,32,21,4,81,21,4,81,40,60,62,26,56,65,64,56,65,64,40,27,33,34,4,21,11,4,21,11,40,67,9,66,72,70,44,72,70,44,40,9,67,57,70,72,73,70,72,73,40,46,69,31,83,71,46,83,71,46,40,80,81,90,69,26,28,69,26,28,40,72,74,78,48,63,84,48,63,84,40,84,72,89,85,48,27,85,48,27,40,76,82,59,86,50,87,86,50,87,40,80,83,82,69,60,50,69,60,50,40,85,77,88,88,68,89,88,68,89,40,77,85,89,68,88,27,68,88,27,40,89,78,90,27,84,28,27,84,28,40,78,79,90,84,61,28,84,61,28,40,70,77,75,41,68,42,41,68,42,40,77,70,88,68,41,89,68,41,89,40,79,73,82,61,51,50,61,51,50,40,72,52,74,48,47,63,48,47,63,40,77,81,80,68,26,69,68,26,69,40,71,59,54,76,87,52,76,87,52,40,54,53,87,52,90,77,52,90,77,40,83,80,90,60,69,28,60,69,28,40,79,83,90,61,60,28,61,60,28,40,74,79,78,63,61,84,63,61,84,40,72,78,89,48,84,27,48,84,27,40,76,80,82,86,69,50,86,69,50,40,82,54,59,50,52,87,50,52,87,40,81,77,89,26,68,27,26,68,27,40,72,84,86,48,85,49,48,85,49],
    "name": "Tree2Geometry",
    "normals": [-0.638966,0.313547,-0.702414,-0.49498,0.366283,-0.787896,-0.968383,0.249306,0.00528,-0.013215,0.096805,-0.995209,0.751061,0.137211,-0.645772,0.094943,0.22187,-0.970428,0.000336,0.099185,0.995056,-0.107364,0.170507,0.979461,0.064425,0.234443,0.96997,0,-0.99762,0.068758,0.009796,-0.982849,0.184088,0.781091,-0.623249,-0.037477,-0.99942,-0.008545,0.032441,-0.994507,0.10416,0.008423,-0.811609,0.405988,0.420057,-0.920682,0.374523,0.109561,-0.902615,0.330638,0.275552,-0.643178,0.300241,-0.704337,0.007721,0.12009,-0.992706,0.964019,-0.168584,-0.20542,0.072451,0.126316,0.989319,0.732047,0.215674,0.646168,0.003296,-0.996246,-0.086276,0.14008,-0.980163,-0.14008,0.058535,-0.99704,0.049562,0.084689,-0.975311,0.203833,0.241676,0.792138,0.560411,0.710257,0.69808,-0.090274,-0.035554,0.999359,0.002869,-0.390667,-0.215217,-0.894986,-0.960479,0.235939,-0.147557,-0.735282,0.118168,-0.667348,-0.224464,0.527268,-0.819483,-0.216987,0.530168,-0.819636,-0.845851,0.3867,-0.367321,0.642872,-0.349986,-0.681326,0.593677,0.293558,0.749199,0.737266,-0.399945,-0.54445,0.697409,0.186071,0.692038,-0.271065,0.593768,0.757591,0.119755,-0.696036,0.707907,0.370556,-0.672719,0.64037,0.064943,-0.234138,0.97,0.722831,-0.455641,0.519456,0.831538,0.027253,0.554735,0.702353,-0.080996,0.707175,0.912412,0.318247,-0.257271,0.120884,-0.554826,-0.823115,0.560045,-0.02295,-0.82812,0.697623,-0.49968,-0.513413,-0.965361,-0.260262,0.016511,-0.838038,-0.325114,-0.438124,-0.287301,-0.949797,-0.123692,0.207282,0.31666,0.925596,-0.621632,-0.15183,0.768426,-0.299448,0.033265,0.95352,-0.703024,-0.346263,-0.621143,-0.775994,-0.203009,-0.597125,0.374828,0.333781,0.864895,0.626026,-0.517777,-0.583056,-0.752129,0.651631,0.098117,-0.583544,0.600024,-0.547197,-0.322062,-0.771569,-0.54854,-0.180303,-0.019745,-0.983398,0.172521,0.015198,-0.984863,0.473647,0.321116,-0.820063,0.707236,0.367077,-0.604175,0.305002,0.343425,0.888272,0.572527,-0.002258,0.819849,-0.437574,0.586657,0.681387,-0.583483,-0.079257,0.808222,0.858119,0.398999,-0.323069,-0.419233,-0.208594,0.883572,-0.913968,0.389935,-0.112094,-0.848567,0.485336,0.210608,-0.017762,0.453658,0.890957,0.070437,-0.989105,0.129063,-0.00708,-0.995972,0.089358,-0.932279,0.230995,-0.278268,0.670644,0.100345,0.734947,0.781457,0.579485,-0.231269,0.977355,-0.031312,0.209204,-0.814997,0.28486,0.504593,0.648091,0.440077,-0.621509,0.1966,0.707968,-0.678304,0.847285,0.040223,-0.529557,-0.873104,-0.083956,0.480209,-0.405042,-0.903806,0.138066,0.909696,-0.085574,0.406323,0.715018,-0.55388,0.426496,0.038484,-0.987091,-0.155431],